date,team,total_wins,worldwinrate,KDA,vspm,cspm,dms,league,team_dragons_adv,firstheraldrate,barons,team_kpm,dtpm,dpm,golddiffat15,xpdiffat15,firsttower,timediff
2020-09-25T07:42:21Z,INTZ,1,0.2,2.722,1.606,5.948,0.2,WCS,0,0,0,0.403,2757.006,1677.178,-1812,-2247,0,-7.706
2020-09-25T07:42:21Z,MAD Lions,4,0.4,4.143,1.727,6.271,0.2,WCS,0,1,2,0.518,2662.572,2110.681,1812,2247,1,-7.706
2020-09-25T08:50:59Z,PSG Talon,6,0.545,12.125,1.609,6.364,0.2,WCS,2,1,0,0.82,3292.773,1982.854,1562,571,1,-8.85
2020-09-25T08:50:59Z,Rainbow7,2,0.286,0.741,1.19,6.14,0.2,WCS,-2,0,0,0.243,2788.664,1943.411,-1562,-571,0,-8.85
2020-09-25T10:00:18Z,INTZ,1,0.2,4,1.549,5.971,0.2,WCS,2,0,0,0.417,2879.608,2697.23,-4035,-769,0,-10.005
2020-09-25T10:00:18Z,Legacy Esports,3,0.375,2.588,1.593,6.485,0.2,WCS,-2,1,2,0.417,3900.588,2113.137,4035,769,1,-10.005
2020-09-25T11:09:59Z,LGD Gaming,11,0.647,0.312,1.502,7.077,0.2,WCS,-3,1,0,0.056,2568.186,1661.519,1601,487,1,-11.166
2020-09-25T11:09:59Z,PSG Talon,6,0.545,30,1.75,6.987,0.2,WCS,3,0,2,0.45,2373.727,1612.096,-1601,-487,0,-11.166
2020-09-25T12:14:27Z,MAD Lions,4,0.4,1.409,1.367,6.555,0.2,WCS,0,0,0,0.298,2559.224,1559.254,-19,1272,1,-12.241
2020-09-25T12:14:27Z,Team Liquid,7,0.636,7.5,1.576,6.185,0.2,WCS,0,1,1,0.657,2494.298,1781.433,19,-1272,0,-12.241
2020-09-26T07:43:01Z,Rainbow7,2,0.286,1.25,1.633,6.006,0.2,WCS,-3,0,0,0.171,2978.649,1624.539,-1794,-1105,0,-31.717
2020-09-26T07:43:01Z,V3 Esports,1,0.2,8,1.735,6.674,0.2,WCS,3,1,2,0.457,2473.53,2233.987,1794,1105,1,-31.717
2020-09-26T08:50:53Z,INTZ,1,0.2,0.312,1.567,6.356,0.2,WCS,-3,1,0,0.063,2595.48,865.013,-2656,-2618,1,-32.848
2020-09-26T08:50:53Z,SuperMassive Esports,5,0.417,30,1.491,6.909,0.2,WCS,3,0,1,0.503,2116.518,1590.519,2656,2618,0,-32.848
2020-09-26T09:51:52Z,Unicorns Of Love.CIS,6,0.429,7.6,1.178,6.677,0.2,WCS,4,0,1,1.052,3161.484,3051.97,426,2109,0,-33.864
2020-09-26T09:51:52Z,V3 Esports,1,0.2,1,1.045,5.632,0.2,WCS,-4,1,0,0.351,3717.615,2011.28,-426,-2109,1,-33.864
2020-09-26T10:53:03Z,LGD Gaming,11,0.647,1.95,1.789,6.658,0.2,WCS,-4,0,0,0.327,3036.382,2018.091,1088,590,0,-34.884
2020-09-26T10:53:03Z,Rainbow7,2,0.286,5.308,1.698,6.241,0.2,WCS,4,1,2,0.502,2795.226,2000.754,-1088,-590,1,-34.884
2020-09-26T12:01:06Z,PSG Talon,6,0.545,3.538,1.311,5.894,0.2,WCS,0,0,0,0.384,3563.268,2201.309,-1768,-858,0,-36.018
2020-09-26T12:01:06Z,Unicorns Of Love.CIS,6,0.429,3.692,1.4,6.053,0.2,WCS,0,1,2,0.384,3250.689,2577.726,1768,858,1,-36.018
2020-09-26T13:03:02Z,MAD Lions,4,0.4,0.778,1.206,6.393,0.2,WCS,-1,0,0,0.172,2622.813,1445.442,-1078,-237,0,-37.051
2020-09-26T13:03:02Z,SuperMassive Esports,5,0.417,13.8,1.633,6.048,0.2,WCS,1,1,1,0.62,2491.343,1786.36,1078,237,1,-37.051
2020-09-26T14:01:10Z,Legacy Esports,3,0.375,0.125,1.093,5.884,0.2,WCS,-3,1,0,0.035,2529.772,1298.214,-3161,-3229,0,-38.019
2020-09-26T14:01:10Z,Team Liquid,7,0.636,49,1.422,6.851,0.2,WCS,3,0,1,0.56,2028.862,1923.783,3161,3229,1,-38.019
2020-09-27T07:42:05Z,LGD Gaming,11,0.647,7.222,2.101,6.358,0.2,WCS,2,0,1,0.52,3149.439,2486.758,2542,1708,1,-55.701
2020-09-27T07:42:05Z,V3 Esports,1,0.2,1.526,1.171,5.943,0.2,WCS,-2,1,0,0.246,3449.466,2187.934,-2542,-1708,0,-55.701
2020-09-27T08:50:53Z,Rainbow7,2,0.286,15.8,1.391,6.71,0.2,WCS,1,1,1,0.906,2519.819,2411.413,5442,2833,1,-56.848
2020-09-27T08:50:53Z,Unicorns Of Love.CIS,6,0.429,0.56,1.312,5.703,0.2,WCS,-1,0,0,0.145,3042.101,1476.956,-5442,-2833,0,-56.848
2020-09-27T09:47:45Z,PSG Talon,6,0.545,12.375,1.481,6.285,0.2,WCS,3,1,1,0.903,2602.396,2904.094,2823,2571,1,-57.796
2020-09-27T09:47:45Z,V3 Esports,1,0.2,1,1.149,5.483,0.2,WCS,-3,0,0,0.289,3912.101,1586.948,-2823,-2571,0,-57.796
2020-09-27T10:59:53Z,LGD Gaming,11,0.647,1.5,1.412,5.816,0.2,WCS,-5,0,0,0.346,3364.092,1805.879,1075,-703,0,-58.998
2020-09-27T10:59:53Z,Unicorns Of Love.CIS,6,0.429,6.083,1.395,5.942,0.2,WCS,5,1,1,0.692,2689.481,2514.957,-1075,703,1,-58.998
2020-09-27T12:02:45Z,PSG Talon,6,0.545,10.4,1.534,6.832,0.2,WCS,0,0,1,0.388,2382.427,1805.997,-2594,-320,0,-60.046
2020-09-27T12:02:45Z,Unicorns Of Love.CIS,6,0.429,1.154,1.802,6.719,0.2,WCS,0,1,0,0.149,2793.595,1470.821,2594,320,1,-60.046
2020-09-27T13:03:59Z,LGD Gaming,11,0.647,8.75,1.61,6.865,0.2,WCS,3,1,2,0.599,2270.125,2221.526,4435,2258,1,-61.066
2020-09-27T13:03:59Z,V3 Esports,1,0.2,1.45,1.508,5.997,0.2,WCS,-3,0,0,0.239,2834.963,1361.207,-4435,-2258,0,-61.066
2020-09-28T07:35:54Z,SuperMassive Esports,5,0.417,1.35,1.115,6.106,0.2,WCS,-2,1,0,0.264,2571.65,1489.142,328,-1198,1,-79.598
2020-09-28T07:35:54Z,Team Liquid,7,0.636,10.5,1.518,6.594,0.2,WCS,2,0,1,0.66,2196.733,1805.313,-328,1198,0,-79.598
2020-09-28T08:45:37Z,Legacy Esports,3,0.375,7,1.489,6.228,0.2,WCS,3,1,1,0.655,3407.287,2371.193,1210,-66,1,-80.76
2020-09-28T08:45:37Z,MAD Lions,4,0.4,1.88,1.51,5.934,0.2,WCS,-3,0,0,0.341,3183.591,2574.26,-1210,66,0,-80.76
2020-09-28T09:49:24Z,INTZ,1,0.2,7.667,1.565,6.286,0.2,WCS,1,0,2,0.358,2561.928,1509.862,-3149,-2813,0,-81.823
2020-09-28T09:49:24Z,Team Liquid,7,0.636,1.538,1.521,6.672,0.2,WCS,-1,1,0,0.165,2339.146,1505.372,3149,2813,1,-81.823
2020-09-28T10:53:32Z,Legacy Esports,3,0.375,12.222,1.315,5.225,0.2,WCS,-2,1,1,0.91,3056.36,2375.629,1202,-91,1,-82.892
2020-09-28T10:53:32Z,SuperMassive Esports,5,0.417,1.074,1.369,5.44,0.2,WCS,2,0,0,0.303,2996.191,1978.854,-1202,91,0,-82.892
2020-09-28T11:51:53Z,INTZ,1,0.2,1.5,1.605,6.183,0.2,WCS,-3,1,1,0.185,3130.702,1657.669,1931,1087,1,-83.865
2020-09-28T11:51:53Z,MAD Lions,4,0.4,7,1.457,6.617,0.2,WCS,3,0,0,0.371,2346.967,2205.722,-1931,-1087,0,-83.865
2020-09-28T13:04:03Z,Legacy Esports,3,0.375,0.526,0.872,5.593,0.2,WCS,-3,1,0,0.147,2949.894,1155.38,-7799,-4090,0,-85.068
2020-09-28T13:04:03Z,Team Liquid,7,0.636,20.667,1.244,6.906,0.2,WCS,3,0,0,0.931,2064.343,2222.302,7799,4090,1,-85.068
2020-09-29T05:27:40Z,LGD Gaming,11,0.647,14.5,1.464,6.777,0.2,WCS,2,1,1,0.486,2511.468,1712.636,1542,-763,1,-101.461
2020-09-29T05:27:40Z,Rainbow7,2,0.286,0.929,1.568,6.284,0.2,WCS,-2,0,0,0.139,2254.474,1338.659,-1542,763,0,-101.461
2020-09-29T06:44:11Z,LGD Gaming,11,0.647,13.333,1.732,6.876,0.2,WCS,5,0,1,0.389,2104.897,1626.908,-296,1259,0,-102.736
2020-09-29T06:44:11Z,Rainbow7,2,0.286,0.667,1.245,6,0.2,WCS,-5,1,0,0.097,2235.762,981.535,296,-1259,1,-102.736
2020-09-29T07:40:37Z,LGD Gaming,11,0.647,6,1.623,6.526,0.2,WCS,1,1,1,0.565,2630.223,2130.342,-147,-2464,1,-103.677
2020-09-29T07:40:37Z,Rainbow7,2,0.286,1.526,1.361,6.068,0.2,WCS,-1,0,0,0.297,2944.755,1695.631,147,2464,0,-103.677
2020-09-29T08:38:51Z,MAD Lions,4,0.4,2.182,1.415,5.913,0.2,WCS,0,1,0,0.382,3116.803,2120.3,-2126,-2475,0,-104.647
2020-09-29T08:38:51Z,SuperMassive Esports,5,0.417,5.643,1.295,5.863,0.2,WCS,0,0,0,0.601,3170.82,2342.24,2126,2475,1,-104.647
2020-09-29T09:42:41Z,MAD Lions,4,0.4,5.889,1.489,5.585,0.2,WCS,1,1,1,0.447,2746.645,2094.313,2607,-1252,1,-105.711
2020-09-29T09:42:41Z,SuperMassive Esports,5,0.417,1.857,1.195,5.77,0.2,WCS,-1,0,0,0.288,2801.118,1973.195,-2607,1252,0,-105.711
2020-09-29T10:39:13Z,MAD Lions,4,0.4,1.19,1.37,6.337,0.2,WCS,-2,1,0,0.242,2786.953,2037.696,-1834,-2733,0,-106.654
2020-09-29T10:39:13Z,SuperMassive Esports,5,0.417,8.25,1.413,6.421,0.2,WCS,2,0,1,0.637,2899.95,2036.877,1834,2733,1,-106.654
2020-09-29T11:36:11Z,MAD Lions,4,0.4,7.571,1.445,6.562,0.2,WCS,-2,1,1,0.417,2307.095,2242.921,255,-122,0,-107.603
2020-09-29T11:36:11Z,SuperMassive Esports,5,0.417,2,1.355,6.639,0.2,WCS,2,0,0,0.225,3082.151,1514.96,-255,122,1,-107.603
2020-09-29T12:36:32Z,MAD Lions,4,0.4,1.316,1.282,6.874,0.2,WCS,-2,0,0,0.27,3213.895,1944.857,-3795,-3488,0,-108.609
2020-09-29T12:36:32Z,SuperMassive Esports,5,0.417,6.75,1.45,6.927,0.2,WCS,2,1,1,0.641,2975.076,2466.509,3795,3488,1,-108.609
2020-09-30T05:28:09Z,Legacy Esports,3,0.375,1.444,1.244,6.791,0.2,WCS,-3,0,0,0.104,2171.606,1263.42,-2540,1527,0,-125.469
2020-09-30T05:28:09Z,LGD Gaming,11,0.647,10.333,1.437,7.337,0.2,WCS,3,1,1,0.311,2262.694,1303.558,2540,-1527,1,-125.469
2020-09-30T06:42:40Z,Legacy Esports,3,0.375,4.588,1.251,5.525,0.2,WCS,1,0,2,0.477,3462.316,2401.167,-1907,-2507,0,-126.711
2020-09-30T06:42:40Z,LGD Gaming,11,0.647,3.556,1.617,6.84,0.2,WCS,-1,1,0,0.451,3526.982,2465.091,1907,2507,1,-126.711
2020-09-30T07:45:17Z,Legacy Esports,3,0.375,0.786,1.108,6.582,0.2,WCS,-1,1,0,0.16,2772.682,1208.87,-346,-815,0,-127.755
2020-09-30T07:45:17Z,LGD Gaming,11,0.647,11,1.292,6.855,0.2,WCS,1,0,1,0.562,2101.084,1729.084,346,815,1,-127.755
2020-09-30T08:32:15Z,SuperMassive Esports,5,0.417,2.19,1.1,6.076,0.2,WCS,-2,0,0,0.379,3027.692,1955.564,-1163,39,0,-128.537
2020-09-30T08:32:15Z,Unicorns Of Love.CIS,6,0.429,5.917,1.429,6.405,0.2,WCS,2,1,2,0.664,3077.102,2317.461,1163,-39,1,-128.537
2020-09-30T09:36:23Z,SuperMassive Esports,5,0.417,1.458,1.106,6.058,0.2,WCS,-1,1,0,0.334,3083.757,2062.724,-2578,-1816,0,-129.606
2020-09-30T09:36:23Z,Unicorns Of Love.CIS,6,0.429,6.455,1.689,6.422,0.2,WCS,1,0,1,0.729,3053.256,2093.59,2578,1816,1,-129.606
2020-09-30T10:33:36Z,SuperMassive Esports,5,0.417,2.059,1.049,6.44,0.2,WCS,-4,0,0,0.326,3370.788,1788.593,-3108,-1544,0,-130.56
2020-09-30T10:33:36Z,Unicorns Of Love.CIS,6,0.429,6.2,1.623,6.694,0.2,WCS,4,1,2,0.554,2723.335,2511.885,3108,1544,1,-130.56
2020-10-03T07:35:28Z,FlyQuest,3,0.5,1.474,1.049,5.917,0.2,WCS,-4,0,0,0.224,2819.744,1831.887,-4869,-3040,0,-199.591
2020-10-03T07:35:28Z,Top Esports,9,0.6,8.429,1.682,6.959,0.2,WCS,4,1,1,0.608,3022.132,2163.39,4869,3040,1,-199.591
2020-10-03T08:47:36Z,DRX,4,0.444,10.833,1.757,7.233,0.2,WCS,4,0,1,0.729,3131.171,2447.204,4073,4016,0,-200.793
2020-10-03T08:47:36Z,Unicorns Of Love.CIS,6,0.429,0.5,1.154,6.404,0.2,WCS,-4,1,0,0.166,3121.061,1779.481,-4073,-4016,1,-200.793
2020-10-03T09:50:30Z,PSG Talon,6,0.545,0,1.254,6.446,0.2,WCS,-2,0,0,0,2145.087,711.777,-4646,-3253,0,-201.842
2020-10-03T09:50:30Z,Rogue,1,0.167,49,1.965,6.592,0.2,WCS,2,1,1,0.557,1573.519,1614.495,4646,3253,1,-201.842
2020-10-03T10:43:09Z,DAMWON Gaming,14,0.824,11.857,1.514,6.537,0.2,WCS,4,1,1,1.018,2700.529,2300.963,3524,939,1,-202.719
2020-10-03T10:43:09Z,JD Gaming,5,0.5,1.04,1.237,6.285,0.2,WCS,-4,0,0,0.285,2912.483,1435.197,-3524,-939,0,-202.719
2020-10-03T11:36:44Z,Gen.G,5,0.556,4.118,2.125,6.317,0.2,WCS,1,1,2,0.462,3038.006,2515.183,3019,630,1,-203.612
2020-10-03T11:36:44Z,LGD Gaming,11,0.647,2.952,1.566,5.833,0.2,WCS,-1,0,0,0.374,3407.067,2246.701,-3019,-630,0,-203.612
2020-10-03T12:48:13Z,Fnatic,6,0.545,6.4,1.667,7.243,0.2,WCS,-1,0,2,0.351,1866.641,1202.311,-385,444,1,-204.804
2020-10-03T12:48:13Z,Team SoloMid,0,0,1.167,1.527,6.366,0.2,WCS,1,1,0,0.146,2104.242,1087.606,385,-444,0,-204.804
2020-10-04T07:13:10Z,Machi Esports,1,0.167,6.5,1.425,7.14,0.2,WCS,3,1,2,0.239,2155.64,1533.15,233,-688,1,-223.219
2020-10-04T07:13:10Z,Team Liquid,7,0.636,0.889,1.638,6.816,0.2,WCS,-3,0,0,0.106,1965.857,1117.244,-233,688,0,-223.219
2020-10-04T08:51:37Z,G2 Esports,8,0.571,3.429,1.7,5.64,0.2,WCS,-2,1,1,0.444,3329.767,3459.689,973,-1211,1,-224.86
2020-10-04T08:51:37Z,Suning,12,0.632,4.105,1.676,5.865,0.2,WCS,2,0,0,0.49,4339.587,2537.837,-973,1211,0,-224.86
2020-10-04T10:03:19Z,DAMWON Gaming,14,0.824,7.25,2.115,7.44,0.2,WCS,3,1,1,0.206,1829.926,1571.458,3196,2280,1,-226.055
2020-10-04T10:03:19Z,Rogue,1,0.167,1.857,1.272,6.38,0.2,WCS,-3,0,0,0.118,2396.613,826.627,-3196,-2280,0,-226.055
2020-10-04T11:04:17Z,JD Gaming,5,0.5,16.667,1.765,7.454,0.2,WCS,3,1,0,0.725,2488.23,1743.198,5611,2630,1,-227.071
2020-10-04T11:04:17Z,PSG Talon,6,0.545,0.706,1.066,6.192,0.2,WCS,-3,0,0,0.128,2225.757,1002.985,-5611,-2630,0,-227.071
2020-10-04T11:55:57Z,Gen.G,5,0.556,5.5,1.797,7.183,0.2,WCS,3,1,1,0.328,2628.538,2362.414,1851,-806,1,-227.933
2020-10-04T11:55:57Z,Team SoloMid,0,0,2.222,1.266,5.953,0.2,WCS,-3,0,0,0.218,3248.405,1260.218,-1851,806,0,-227.933
2020-10-04T12:49:41Z,Fnatic,6,0.545,1.167,1.353,6.923,0.2,WCS,-2,1,0,0.116,2016.854,1588.955,2683,623,1,-228.828
2020-10-04T12:49:41Z,LGD Gaming,11,0.647,10.5,1.591,7.493,0.2,WCS,2,0,0,0.348,2316.767,1408.838,-2683,-623,0,-228.828
2020-10-05T07:30:06Z,G2 Esports,8,0.571,5.067,1.812,6.673,0.2,WCS,2,0,1,0.621,3034.607,2178.689,2878,1337,1,-247.502
2020-10-05T07:30:06Z,Machi Esports,1,0.167,1.958,1.413,5.928,0.2,WCS,-2,1,1,0.388,2798.697,1947.386,-2878,-1337,0,-247.502
2020-10-05T08:51:29Z,Suning,12,0.632,19,1.903,7.357,0.2,WCS,5,1,0,0.374,2646.584,1506.708,5138,2745,1,-248.858
2020-10-05T08:51:29Z,Team Liquid,7,0.636,0.417,1.204,6.19,0.2,WCS,-5,0,1,0.062,2158.378,1327.145,-5138,-2745,0,-248.858
2020-10-05T09:51:29Z,DAMWON Gaming,14,0.824,5.714,1.571,7.264,0.2,WCS,2,1,1,0.536,2008.964,1801.679,2030,1741,1,-249.858
2020-10-05T09:51:29Z,PSG Talon,6,0.545,1.6,1.336,6.093,0.2,WCS,-2,0,0,0.25,2443.571,1257.786,-2030,-1741,0,-249.858
2020-10-05T10:46:43Z,JD Gaming,5,0.5,7.1,1.782,6.944,0.2,WCS,4,1,1,0.693,2638.68,2082.211,1850,-479,1,-250.779
2020-10-05T10:46:43Z,Rogue,1,0.167,1.333,1.281,6.297,0.2,WCS,-4,0,0,0.264,2868.647,1502.475,-1850,479,0,-250.779
2020-10-05T11:43:10Z,FlyQuest,3,0.5,2.778,1.627,6.169,0.2,WCS,-1,1,2,0.437,3009.472,2591.792,-82,-1222,1,-251.719
2020-10-05T11:43:10Z,Unicorns Of Love.CIS,6,0.429,3.375,1.359,5.618,0.2,WCS,1,0,0,0.491,3402.994,2192.293,82,1222,0,-251.719
2020-10-05T12:45:39Z,DRX,4,0.444,2,1.337,6.74,0.2,WCS,-1,1,0,0.28,2704.041,1927.119,3010,480,1,-252.761
2020-10-05T12:45:39Z,Top Esports,9,0.6,6.222,1.679,6.69,0.2,WCS,1,0,1,0.466,3028.788,1825.337,-3010,-480,0,-252.761
2020-10-06T07:37:32Z,G2 Esports,8,0.571,1.708,1.66,6.351,0.2,WCS,-4,1,0,0.319,3371.263,2194.543,-2452,-1635,0,-271.626
2020-10-06T07:37:32Z,Team Liquid,7,0.636,7.455,1.44,6.293,0.2,WCS,4,0,1,0.697,2833.614,2484.557,2452,1635,1,-271.626
2020-10-06T08:47:57Z,Machi Esports,1,0.167,2,1.314,6.224,0.2,WCS,1,1,0,0.269,2835.769,1541.304,-19,-1700,1,-272.799
2020-10-06T08:47:57Z,Suning,12,0.632,4.667,1.971,7.239,0.2,WCS,-1,0,2,0.418,2857.75,2159.881,19,1700,0,-272.799
2020-10-06T09:47:55Z,DRX,4,0.444,7.571,1.36,7.547,0.2,WCS,-2,0,1,0.433,2567.067,2275.7,1652,1510,1,-273.799
2020-10-06T09:47:55Z,FlyQuest,3,0.5,1.462,1.38,6.067,0.2,WCS,2,1,0,0.2,2853.667,1435.233,-1652,-1510,0,-273.799
2020-10-06T10:44:20Z,Top Esports,9,0.6,5.267,1.781,6.313,0.2,WCS,2,1,2,0.829,3420.461,2380.532,3702,2474,1,-274.739
2020-10-06T10:44:20Z,Unicorns Of Love.CIS,6,0.429,1.643,1.038,5.773,0.2,WCS,-2,0,0,0.461,3065.189,2257.155,-3702,-2474,0,-274.739
2020-10-06T11:43:09Z,Fnatic,6,0.545,6.333,1.394,7.38,0.2,WCS,2,0,0,0.611,2151.629,1424.659,2151,1480,1,-275.719
2020-10-06T11:43:09Z,Gen.G,5,0.556,1.647,1.372,6.754,0.2,WCS,-2,1,0,0.323,2507.389,1305.018,-2151,-1480,0,-275.719
2020-10-06T12:37:05Z,LGD Gaming,11,0.647,6.8,1.669,6.623,0.2,WCS,1,0,0,0.569,2529.431,1817.1,2634,2400,1,-276.618
2020-10-06T12:37:05Z,Team SoloMid,0,0,1.429,1.561,6.195,0.2,WCS,-1,1,0,0.271,2571.301,1494.878,-2634,-2400,0,-276.618
2020-10-08T07:37:03Z,G2 Esports,8,0.571,17.5,1.946,7.018,0.2,WCS,1,1,0,0.651,2577.362,1658.138,5382,2099,1,-319.618
2020-10-08T07:37:03Z,Team Liquid,7,0.636,0.421,1.192,6.23,0.2,WCS,-1,0,0,0.103,2509.275,1495.957,-5382,-2099,0,-319.618
2020-10-08T08:43:06Z,Machi Esports,1,0.167,0.864,1.274,6.097,0.2,WCS,-3,0,0,0.215,2703.292,1704.758,-2666,-3103,0,-320.718
2020-10-08T08:43:06Z,Suning,12,0.632,10.167,1.782,7.191,0.2,WCS,3,1,1,0.751,2847.084,2149.732,2666,3103,1,-320.718
2020-10-08T09:36:15Z,G2 Esports,8,0.571,5.889,1.918,6.9,0.2,WCS,-1,1,1,0.56,3033.246,2781.812,3089,-492,1,-321.604
2020-10-08T09:36:15Z,Machi Esports,1,0.167,1.647,1.384,6.273,0.2,WCS,1,0,0,0.296,3315.618,1926.491,-3089,492,0,-321.604
2020-10-08T10:36:46Z,Suning,12,0.632,0.783,1.617,7.266,0.2,WCS,-1,0,0,0.215,2929.396,2273.975,-1455,-1478,0,-322.613
2020-10-08T10:36:46Z,Team Liquid,7,0.636,12.857,1.74,6.719,0.2,WCS,1,1,1,0.707,3185.994,2195.102,1455,1478,1,-322.613
2020-10-08T11:34:39Z,Machi Esports,1,0.167,0.818,1.542,5.86,0.2,WCS,-1,0,0,0.209,3085.291,1171.116,-7174,-5204,0,-323.578
2020-10-08T11:34:39Z,Team Liquid,7,0.636,10.333,1.66,7.088,0.2,WCS,1,1,0,0.767,2706.872,2236.849,7174,5204,1,-323.578
2020-10-08T12:30:05Z,G2 Esports,8,0.571,0.706,1.375,6.856,0.2,WCS,0,1,0,0.173,3112.306,1478.689,-841,-2818,1,-324.501
2020-10-08T12:30:05Z,Suning,12,0.632,14.75,1.383,6.501,0.2,WCS,0,0,0,0.735,2409.164,2340.735,841,2818,0,-324.501
2020-10-08T13:20:26Z,G2 Esports,8,0.571,3.045,1.537,6.855,0.2,WCS,1,1,0,0.476,3454.205,2019.6,-1022,-1209,0,-325.341
2020-10-08T13:20:26Z,Suning,12,0.632,3,1.999,7.158,0.2,WCS,-1,0,4,0.499,2975.814,2642.221,1022,1209,1,-325.341
2020-10-09T07:17:02Z,DAMWON Gaming,14,0.824,12.75,1.779,7.212,0.2,WCS,0,0,1,0.475,3113.209,2221.46,1101,2768,1,-343.284
2020-10-09T07:17:02Z,PSG Talon,6,0.545,0.5,1.324,6.798,0.2,WCS,0,1,0,0.136,2966.791,2027.029,-1101,-2768,0,-343.284
2020-10-09T08:43:57Z,JD Gaming,5,0.5,6,1.435,6.829,0.2,WCS,4,1,1,0.765,3305.388,2467.524,182,77,0,-344.732
2020-10-09T08:43:57Z,Rogue,1,0.167,1.625,1.486,5.847,0.2,WCS,-4,0,0,0.414,3005.229,2155.6,-182,-77,1,-344.732
2020-10-09T09:41:59Z,DAMWON Gaming,14,0.824,7.889,1.254,6.623,0.2,WCS,4,1,1,0.926,2577.433,2375.68,5207,3744,1,-345.7
2020-10-09T09:41:59Z,Rogue,1,0.167,1.136,1.01,6.042,0.2,WCS,-4,0,0,0.337,3059.832,1241.487,-5207,-3744,0,-345.7
2020-10-09T10:31:25Z,JD Gaming,5,0.5,0.273,1.149,6.769,0.2,WCS,-4,0,0,0.037,1976.119,1506.119,-1828,-649,0,-346.524
2020-10-09T10:31:25Z,PSG Talon,6,0.545,42,1.381,7.007,0.2,WCS,4,1,1,0.41,2335.075,1532.761,1828,649,1,-346.524
2020-10-09T11:23:10Z,PSG Talon,6,0.545,11.75,1.617,6.664,0.2,WCS,3,0,1,0.426,1840.753,1784.976,1639,1557,0,-347.386
2020-10-09T11:23:10Z,Rogue,1,0.167,0.923,1.401,6.331,0.2,WCS,-3,1,0,0.131,2623.47,1182.488,-1639,-1557,1,-347.386
2020-10-09T12:19:49Z,DAMWON Gaming,14,0.824,2.24,1.356,6.003,0.2,WCS,3,1,1,0.486,2998.811,1921.27,-2449,-3866,1,-348.33
2020-10-09T12:19:49Z,JD Gaming,5,0.5,4.667,1.929,6.538,0.2,WCS,-3,0,1,0.675,2723.044,2317.551,2449,3866,0,-348.33
2020-10-10T07:46:52Z,Fnatic,6,0.545,23.667,1.368,7.091,0.2,WCS,4,0,1,0.664,2221.329,2000.326,948,696,1,-367.781
2020-10-10T07:46:52Z,Team SoloMid,0,0,0.412,1.079,6.41,0.2,WCS,-4,1,0,0.117,2883.362,1272.195,-948,-696,0,-367.781
2020-10-10T08:40:02Z,Gen.G,5,0.556,3.375,1.682,6.739,0.2,WCS,1,1,1,0.553,3057.847,1871.203,2079,378,1,-368.667
2020-10-10T08:40:02Z,LGD Gaming,11,0.647,2.526,1.548,6.751,0.2,WCS,-1,0,1,0.466,2855.209,1971.416,-2079,-378,0,-368.667
2020-10-10T09:38:16Z,Gen.G,5,0.556,3.933,1.469,5.867,0.2,WCS,1,0,2,0.435,3048.123,2058.251,-1932,-2069,0,-369.638
2020-10-10T09:38:16Z,Team SoloMid,0,0,2.529,1.602,6.123,0.2,WCS,-1,1,0,0.384,3119.718,2483.345,1932,2069,1,-369.638
2020-10-10T10:41:43Z,Fnatic,6,0.545,6.444,1.435,7.51,0.2,WCS,2,1,0,0.778,2594.037,1859.611,2096,363,1,-370.695
2020-10-10T10:41:43Z,LGD Gaming,11,0.647,1.136,1.336,6.293,0.2,WCS,-2,0,0,0.318,2588.097,1471.503,-2096,-363,0,-370.695
2020-10-10T11:35:30Z,LGD Gaming,11,0.647,3.111,2.035,6.551,0.2,WCS,0,1,1,0.238,2643.498,2268.445,2340,1657,1,-371.592
2020-10-10T11:35:30Z,Team SoloMid,0,0,3.556,1.405,6.514,0.2,WCS,0,0,1,0.238,2970.928,1823.56,-2340,-1657,0,-371.592
2020-10-10T12:37:47Z,Fnatic,6,0.545,0.857,1.271,6.571,0.2,WCS,-3,0,0,0.173,2141.628,1264.496,-6570,-1635,0,-372.63
2020-10-10T12:37:47Z,Gen.G,5,0.556,7.8,1.504,7.219,0.2,WCS,3,1,1,0.605,2473.444,1609.842,6570,1635,1,-372.63
2020-10-11T07:32:19Z,DRX,4,0.444,12.5,1.762,7.854,0.2,WCS,1,1,1,0.491,2459.018,2080.906,4334,2695,1,-391.539
2020-10-11T07:32:19Z,FlyQuest,3,0.5,0.8,1.231,6.668,0.2,WCS,-1,0,0,0.131,2565,1180.087,-4334,-2695,0,-391.539
2020-10-11T08:45:53Z,Top Esports,9,0.6,26,1.319,6.775,0.2,WCS,4,0,1,0.926,3107.066,2123.311,6248,5623,0,-392.765
2020-10-11T08:45:53Z,Unicorns Of Love.CIS,6,0.429,0.24,1.023,5.796,0.2,WCS,-4,1,0,0.111,2834.157,2043.632,-6248,-5623,1,-392.765
2020-10-11T09:47:06Z,DRX,4,0.444,10.571,1.927,7.493,0.2,WCS,1,0,0,0.659,2663.358,2142.077,3098,3897,0,-393.785
2020-10-11T09:47:06Z,Unicorns Of Love.CIS,6,0.429,0.625,1.307,6.423,0.2,WCS,-1,1,2,0.192,3030.11,2012.004,-3098,-3897,1,-393.785
2020-10-11T10:48:53Z,FlyQuest,3,0.5,8.833,1.643,6.864,0.2,WCS,3,0,2,0.487,2323.874,1793.671,1301,1485,1,-394.815
2020-10-11T10:48:53Z,Top Esports,9,0.6,1.062,1.442,6.146,0.2,WCS,-3,1,0,0.183,2387.434,1311.207,-1301,-1485,0,-394.815
2020-10-11T11:46:00Z,FlyQuest,3,0.5,5.889,1.333,6.163,0.2,WCS,2,0,1,0.766,2929.106,1904.075,5664,3793,1,-395.767
2020-10-11T11:46:00Z,Unicorns Of Love.CIS,6,0.429,1.087,1.259,5.397,0.2,WCS,-2,1,0,0.266,2495.78,1641.988,-5664,-3793,0,-395.767
2020-10-11T12:40:28Z,DRX,4,0.444,1.25,1.57,6.994,0.2,WCS,-2,1,0,0.078,3117.133,1322.247,1080,342,1,-396.674
2020-10-11T12:40:28Z,Top Esports,9,0.6,10,1.565,7.201,0.2,WCS,2,0,2,0.207,2027.37,2361.954,-1080,-342,0,-396.674
2020-10-15T08:52:43Z,DAMWON Gaming,14,0.824,8.667,1.826,7.292,0.2,WCS,4,1,2,0.235,2096.652,1530.602,554,626,1,-488.879
2020-10-15T08:52:43Z,DRX,4,0.444,0.889,1.653,6.894,0.2,WCS,-4,0,0,0.078,2231.482,1286.129,-554,-626,0,-488.879
2020-10-15T10:54:35Z,DAMWON Gaming,14,0.824,6.714,1.601,7.104,0.2,WCS,1,0,1,0.331,2414.462,1826.247,881,920,0,-490.91
2020-10-15T10:54:35Z,DRX,4,0.444,2.083,1.595,6.707,0.2,WCS,-1,1,0,0.193,2770.736,1682.098,-881,-920,1,-490.91
2020-10-15T11:55:38Z,DAMWON Gaming,14,0.824,7.857,1.581,6.806,0.2,WCS,0,1,1,0.814,3224.341,2819.457,-1075,-544,0,-491.927
2020-10-15T11:55:38Z,DRX,4,0.444,0.714,1.333,6.38,0.2,WCS,0,0,0,0.271,3372.791,2148.682,1075,544,1,-491.927
2020-10-16T09:31:15Z,JD Gaming,5,0.5,5.077,1.435,6.665,0.2,WCS,2,1,2,0.518,3628.77,2573.889,583,1824,0,-513.521
2020-10-16T09:31:15Z,Suning,12,0.632,2.55,1.854,6.546,0.2,WCS,-2,0,0,0.337,3184.221,2592.844,-583,-1824,1,-513.521
2020-10-16T10:52:44Z,JD Gaming,5,0.5,1.115,1.335,6.369,0.2,WCS,-3,1,0,0.298,3492.828,1566.899,-532,-1249,1,-514.879
2020-10-16T10:52:44Z,Suning,12,0.632,11.625,1.805,7.219,0.2,WCS,3,0,0,0.97,2264.599,2748.626,532,1249,0,-514.879
2020-10-16T11:47:28Z,JD Gaming,5,0.5,1.353,1.491,6.657,0.2,WCS,-5,0,1,0.213,3019.229,1458.529,-3378,-1043,0,-515.791
2020-10-16T11:47:28Z,Suning,12,0.632,8.143,2.112,7.229,0.2,WCS,5,1,1,0.517,2562.323,2138.032,3378,1043,1,-515.791
2020-10-16T12:43:38Z,JD Gaming,5,0.5,1.846,1.565,6.23,0.2,WCS,-4,1,0,0.26,2697.108,1507.417,4145,953,1,-516.727
2020-10-16T12:43:38Z,Suning,12,0.632,7,1.528,6.208,0.2,WCS,4,0,1,0.482,2506.205,2191.483,-4145,-953,0,-516.727
2020-10-17T09:26:35Z,Fnatic,6,0.545,11,1.424,6.552,0.2,WCS,-1,0,1,0.445,2704.184,1697.863,-499,-914,1,-537.443
2020-10-17T09:26:35Z,Top Esports,9,0.6,1.067,1.543,6.795,0.2,WCS,1,1,0,0.148,2277.804,1542.314,499,914,0,-537.443
2020-10-17T10:47:28Z,Fnatic,6,0.545,9.167,1.634,6.476,0.2,WCS,4,0,2,0.471,2816.842,2550.886,-2031,691,0,-538.791
2020-10-17T10:47:28Z,Top Esports,9,0.6,1.412,1.568,6.288,0.2,WCS,-4,1,0,0.166,3375.18,2059.197,2031,-691,1,-538.791
2020-10-17T11:47:35Z,Fnatic,6,0.545,1.375,1.204,6.404,0.2,WCS,2,0,0,0.202,2704.406,1393.957,-4137,-2475,0,-539.793
2020-10-17T11:47:35Z,Top Esports,9,0.6,8.333,1.325,6.599,0.2,WCS,-2,1,2,0.538,2320.628,1860.471,4137,2475,1,-539.793
2020-10-17T12:42:56Z,Fnatic,6,0.545,2.167,1.157,6.328,0.2,WCS,2,1,0,0.485,3325.784,2357.425,1709,1067,1,-540.716
2020-10-17T12:42:56Z,Top Esports,9,0.6,5,1.239,6.716,0.2,WCS,-2,0,1,0.672,3233.545,2558.619,-1709,-1067,0,-540.716
2020-10-17T13:33:57Z,Fnatic,6,0.545,0.846,1.388,6.623,0.2,WCS,-2,0,0,0.158,2694.599,1331.235,-3681,-3488,0,-541.566
2020-10-17T13:33:57Z,Top Esports,9,0.6,7.4,1.238,7.238,0.2,WCS,2,1,1,0.512,2410.723,1805.834,3681,3488,1,-541.566
2020-10-18T09:15:49Z,G2 Esports,8,0.571,16,2.049,7.517,0.2,WCS,-1,0,1,0.632,2532.073,1600.477,-50,1734,0,-561.264
2020-10-18T09:15:49Z,Gen.G,5,0.556,0.632,1.483,6.818,0.2,WCS,1,1,0,0.133,2497.883,1255.843,50,-1734,1,-561.264
2020-10-18T10:43:24Z,G2 Esports,8,0.571,8.455,1.563,6.768,0.2,WCS,2,0,1,0.964,3639.208,2389.57,1293,1693,1,-562.723
2020-10-18T10:43:24Z,Gen.G,5,0.556,1.036,1.308,6.148,0.2,WCS,-2,1,0,0.379,3267.917,2333.632,-1293,-1693,0,-562.723
2020-10-18T11:37:18Z,G2 Esports,8,0.571,6.143,1.606,6.369,0.2,WCS,4,0,0,0.713,3528.837,3007.938,124,1072,1,-563.622
2020-10-18T11:37:18Z,Gen.G,5,0.556,2.087,1.389,5.712,0.2,WCS,-4,1,1,0.434,3748.558,2719.38,-124,-1072,0,-563.622
2020-10-24T10:23:05Z,DAMWON Gaming,14,0.824,11.833,1.437,6.869,0.2,WCS,4,1,1,0.771,2508.329,2387.594,3234,1094,1,-706.385
2020-10-24T10:23:05Z,G2 Esports,8,0.571,0.864,1.451,6.743,0.2,WCS,-4,0,0,0.21,3247.991,1317.827,-3234,-1094,0,-706.385
2020-10-24T11:01:55Z,DAMWON Gaming,14,0.824,0.72,1.361,6.516,0.2,WCS,-4,1,0,0.239,3417.941,1985.728,-339,-318,1,-707.032
2020-10-24T11:01:55Z,G2 Esports,8,0.571,8,1.504,6.468,0.2,WCS,4,0,1,0.746,3173.108,2543.57,339,318,0,-707.032
2020-10-24T11:55:16Z,DAMWON Gaming,14,0.824,6.2,1.583,6.006,0.2,WCS,4,1,1,0.691,2270.796,2990.922,1902,1515,1,-707.921
2020-10-24T11:55:16Z,G2 Esports,8,0.571,1.227,1.514,6.239,0.2,WCS,-4,0,0,0.314,3941.623,1612.147,-1902,-1515,0,-707.921
2020-10-24T12:52:19Z,DAMWON Gaming,14,0.824,21,1.26,6.845,0.2,WCS,3,0,0,0.787,2507.297,1968.137,5888,3696,1,-708.872
2020-10-24T12:52:19Z,G2 Esports,8,0.571,0.4,1.029,6.257,0.2,WCS,-3,1,0,0.105,2594.226,1272.598,-5888,-3696,0,-708.872
2020-10-25T09:26:56Z,Suning,12,0.632,4.571,1.557,6.964,0.2,WCS,-1,0,1,0.371,2231.124,1475.023,-980,-239,0,-729.449
2020-10-25T09:26:56Z,Top Esports,9,0.6,1.545,1.928,7.065,0.2,WCS,1,1,0,0.236,2269.011,1319.697,980,239,1,-729.449
2020-10-25T10:44:12Z,Suning,12,0.632,1.917,1.77,6.714,0.2,WCS,1,0,0,0.206,3011.534,1523.038,-441,1464,1,-730.737
2020-10-25T10:44:12Z,Top Esports,9,0.6,5.571,1.646,6.85,0.2,WCS,-1,1,1,0.354,2383.864,2224.425,441,-1464,0,-730.737
2020-10-25T11:43:31Z,Suning,12,0.632,5.571,1.895,7.449,0.2,WCS,2,1,1,0.328,2323.444,1871.365,4527,2733,1,-731.725
2020-10-25T11:43:31Z,Top Esports,9,0.6,1.538,1.769,6.678,0.2,WCS,-2,0,0,0.176,2773.28,1326.527,-4527,-2733,0,-731.725
2020-10-25T12:48:03Z,Suning,12,0.632,3.944,1.75,6.903,0.2,WCS,0,1,2,0.498,3996.673,2830.928,635,-24,1,-732.801
2020-10-25T12:48:03Z,Top Esports,9,0.6,3,1.598,6.718,0.2,WCS,0,0,0,0.427,3425.784,2759.621,-635,24,0,-732.801
2020-10-31T09:27:01Z,DAMWON Gaming,14,0.824,5.917,1.839,6.637,0.2,WCS,4,1,2,0.479,2436.881,2135.032,-178,-380,0,-873.45
2020-10-31T09:27:01Z,Suning,12,0.632,1.381,1.666,6.796,0.2,WCS,-4,0,1,0.274,2868.589,1612.994,178,380,1,-873.45
2020-10-31T11:18:11Z,DAMWON Gaming,14,0.824,1.9,1.718,6.464,0.2,WCS,-3,1,0,0.346,3130.293,2255.32,2423,1338,1,-875.303
2020-10-31T11:18:11Z,Suning,12,0.632,5.167,1.643,6.545,0.2,WCS,3,0,1,0.577,3499.346,2333.369,-2423,-1338,0,-875.303
2020-10-31T12:21:53Z,DAMWON Gaming,14,0.824,4.636,1.597,6.648,0.2,WCS,3,1,1,0.454,2283.324,2364.318,5531,3144,1,-876.365
2020-10-31T12:21:53Z,Suning,12,0.632,1.812,1.938,6.455,0.2,WCS,-3,0,1,0.312,3544.233,1602.557,-5531,-3144,0,-876.365
2020-10-31T13:23:26Z,DAMWON Gaming,14,0.824,8.143,1.668,6.901,0.2,WCS,4,1,1,0.889,2861.73,2442.026,1544,543,1,-877.391
2020-10-31T13:23:26Z,Suning,12,0.632,0.625,1.304,6.508,0.2,WCS,-4,0,0,0.259,2974.799,1750.228,-1544,-543,0,-877.391
